0,-1,0,0,0,0
0.0819855235538567,-0.232255161704243,-0.913617466368408,0.165083964932491,0.0448215573101781,-0.0207381809582845
-0.0975111695575917,1.28147291099113,0.206768168478014,-2.48314316126984,-0.0545103823740121,-0.00754567056378389
-0.637948581240978,3.52464160571391,-0.622905234518589,-3.74139423766773,-0.352892366011985,-0.254503660210308
-0.319428334693151,4.90538297550006,-2.16175999475062,-3.36156299115997,-0.10972773114537,-0.441476244596737
0.0911109092031456,6.60849076807887,-4.42006702772809,-2.59152467400843,0.234872058348621,-0.721749499028562
-0.694078565500327,9.66173853293181,-9.40719129824585,-0.464446206942107,-0.499570528624765,-1.02492078556425
-0.0908676939066185,11.2901768021364,-10.7363685236629,-0.540196091296573,0.100587365595775,-1.33878406371183
-0.00788022722708459,13.5488847448281,-13.5773314549021,0.238998868686076,0.187621572989602,-1.65044888421073
-0.628006218089653,14.8789464193417,-10.9273503272793,-3.67092395016525,-0.41141148012769,-1.81519910148243
-0.498205930829968,16.5275575982462,-10.8231386354484,-5.23365937457813,-0.293614404671143,-2.12125000808692
-0.00646714949990158,17.547298325234,-10.0533737206366,-6.8494147567505,0.115291599901612,-2.41381545415846
-0.158062141041143,20.2355721027135,-11.6971092148753,-7.77412275495627,0.0257968294202892,-2.59304854308759
-0.440019609674861,23.1778307999071,-15.2724413738871,-7.0643047971839,-0.170042654699778,-2.43867423977498
0.299801066450013,25.2288880419034,-14.9297858192068,-9.35730088188472,0.288129249575784,-2.09668110048937
0.130195434484293,26.1749363430925,-11.1875813268744,-13.9241811787574,0.202452468996234,-1.7859685726915
-0.316973415985965,28.9270541657254,-13.9071386802504,-13.9783139119017,-0.00691162474345498,-1.27248422988234
0.454575226640284,30.5248414397262,-15.9453675914161,-13.5181763046045,0.39554346024627,-0.704765254507674
0.24682207955511,33.3134622240941,-20.6209475560468,-11.6012543481664,0.277147160295652,-0.533599960438848
-0.0867398091981723,35.0610812915775,-19.4941218160177,-14.5675189708209,0.0822925438790444,-0.442485926249777
0.107113318851379,33.7264685948988,-14.9241705927803,-17.8112230887707,0.164819833408097,-0.372343490416917
0.876872229297621,31.4778705054653,-8.92977971296897,-21.715140396292,0.564696370153921,-0.110679768047334
0.914387930858162,30.6834121546623,-5.23374793223593,-24.755797115393,0.543236986086879,-0.124939159461499
0.380421234846414,33.0305313007125,-6.45995501018463,-26.067297368113,0.0292300445841089,-0.173289784384794
-0.124966397089368,35.2733814936984,-7.27496614964298,-27.6921331215261,-0.469006538558057,-0.150229680360808
-0.0695434988019844,34.408325813789,-3.35597228786009,-30.8369913994448,-0.463499332989375,-0.281396908357951
0.745064543968336,32.1283329897165,2.75800213570566,-34.8085193192597,0.298127091154998,-0.377567666404346
0.893864265227658,30.8397060159938,7.51280013809874,-38.3534920357741,0.396926013363681,-0.518941054992644
0.353037604726037,33.160663895103,7.82810750022455,-41.2022348220876,-0.184616318638271,-0.528728501770137
0.399864458110002,35.3667308043703,2.82676941831494,-38.4733588547658,-0.191048703337245,-0.689263068131233
0.769602147614876,36.0221569405178,0.907982087436552,-37.2820529197399,0.105338278115891,-0.845112299543615
0.953334530217203,36.2252301534277,1.41222561665808,-38.0549951829599,0.220081688470287,-1.0281505037964
1.16888060351777,37.8163771245561,2.00614858042732,-40.3205799770229,0.3557294151524,-1.21978870049639
0.195700402907227,41.1995812236057,-2.38159896857485,-39.4282860540384,-0.52198786639408,-1.48356799550714
0.464792421621767,42.3869036417733,-1.20635556245563,-41.9168206502542,-0.355655458754948,-1.68482394125195
0.710547949942999,42.6130315546748,-0.995384992117796,-42.4411065708923,-0.224168482790054,-1.93944366919272
1.11066324743303,43.436794745489,-3.19469764657515,-41.1446237716275,-0.00204382456558563,-2.20031895224413
0.767718778568913,46.1187615594156,-8.5437113361709,-38.4769041573689,-0.268835140146924,-2.57806675702997
1.00730572832018,48.758156229697,-8.59964231047052,-41.0589463730795,-0.149609138253332,-2.71701443259562
1.47499182464966,49.5007891038135,-7.58428760723306,-42.7234833380447,0.129128344575112,-2.90641708150328
1.60888133311112,50.9530834711771,-7.27386962338817,-44.3989904124953,0.187426632280827,-3.08557908881154
0.856903650345083,52.9217945697085,-6.50298592383111,-47.1128407410619,-0.412530068101496,-3.24528945261615
0.914185844585842,54.2465548659896,-6.3405512432496,-48.4129427100611,-0.39722387135414,-3.49069466940569
1.00965646095956,53.9345608045157,-3.74525148957986,-50.4935189652499,-0.346458007103196,-3.75326946767195
1.04636133238997,52.1844589680711,1.52647396841182,-53.8855989046716,-0.34700697340544,-3.96012623482876
1.55481770347833,49.1003481049153,2.71266403117601,-51.7325354645489,0.116419413480018,-4.30275648653968
1.15302111880095,48.0845206016216,1.34813955095549,-49.1611683589336,-0.321655035918049,-4.58372995591133
0.992907875321,46.91532206684,1.1946784382202,-47.6815096726502,-0.517608575991077,-4.81218322132733
1.76676366501979,45.2706335846532,-0.425752014861912,-44.1482556481211,0.053196884130919,-5.24474965736161
1.9323055858902,43.4507552571562,-0.148998270398237,-42.4677225708614,0.154664644184114,-5.26236433238043
1.83839220829819,43.2495580858623,-2.60827088210162,-39.6892684222207,0.0779631088401568,-5.27939276411863
1.99038450112183,43.934258467147,-6.69883519946303,-36.1713620075055,0.130766986650068,-5.2608094844413
1.17605390156359,46.990994455722,-8.45498736433979,-37.4329927249667,-0.242351421161203,-4.9814330981639
1.2743530311999,46.4340379610795,-2.90464274147365,-42.4271965009712,-0.193347481699534,-4.49433841303112
2.05837011276277,44.9618328684909,3.73159222012028,-47.6018553326103,0.153208992364425,-4.1462412004267
2.04800934290535,44.7754986176144,9.21971427597921,-52.9347809364494,0.127385787677752,-3.914589368067
1.42542500744329,45.7298923954897,14.3685325529807,-59.0368248952461,-0.211896915308371,-4.08172001653824
1.76930289300545,45.2588800885917,20.8575520049038,-65.0670015779131,-0.0576751325503024,-4.42992127531575
2.01904662335524,44.7063225270451,27.3699657986267,-71.0835450828101,0.064266308389025,-4.77702361301951
1.98359870481972,45.0123161340251,33.4302199937306,-77.5558547289438,0.0416729838916418,-5.05294337908964
1.49084276966458,45.7667360888505,39.0214821484759,-84.0338279179114,-0.270396157322825,-5.12174600475788
2.1274678250513,44.9452893770358,45.7714497134956,-90.07449732688,0.208542920858988,-5.1820685144116
2.2644476373119,44.5100528767905,52.1245397832975,-96.1251807340777,0.320791618588691,-5.0664464398557
1.43882904303464,46.2261867206357,56.5761189376889,-102.454988651641,-0.414175742538388,-4.88175608155423
1.98593669847931,45.3969803492298,63.4729273379109,-108.605713766715,0.114459181352622,-4.77995737985348
2.34545203267753,44.6541996034172,70.2371340081363,-114.696877191487,0.465880784511918,-4.63857542857544
1.94092939291981,45.6203002457486,75.6175679752704,-121.166611706141,0.0684709585716069,-4.48506180836888
1.73512944808109,46.1316912526868,81.4260279641146,-127.593941731053,-0.134530297186026,-4.32809423655139
2.33047954499692,45.1200719962638,88.6129299248538,-133.819965184342,0.461310573967993,-4.23629029298923
2.52512969326307,44.6151347052012,95.1828703783355,-139.955895864243,0.656808582758036,-4.14241904907938
1.61994763185836,46.8993217328852,98.8819825832036,-146.086588920062,-0.216474729091721,-3.93886910306735
1.88020545753809,46.049247944975,105.294771028564,-151.727696874885,0.0249513554745621,-3.84495249825567
2.70363452193803,44.7543661643997,112.167125901939,-157.367907716451,0.764416801864074,-3.99686065082471
1.95715973267621,46.1713463507024,116.81576731218,-163.589043044196,0.140743673639129,-3.83037388354535
1.94446222227249,46.2169202047675,122.997068870726,-169.944112024976,0.107625585643399,-3.96224857631508
2.43175831082837,45.5445707734063,129.772280321674,-176.111570824867,0.409878783309253,-4.33198891955118
2.36842148011222,45.6279520291692,136.046008941652,-182.512772852026,0.333764935818084,-4.69226157992946
2.04234348143164,46.3095317656943,141.933471281472,-189.120245276758,0.071772971707305,-5.0019746490444
2.14337111128186,46.0624515340637,148.360496903868,-195.342845940045,0.0804893332588271,-5.23710337719126
2.79325463977943,45.2591002826309,155.207826137089,-201.380791970204,0.408997122142355,-5.44726797122309
2.29278366849687,45.9858641280249,160.878576310234,-207.795989419802,0.0212367857468873,-5.28820277807463
2.22812483516359,46.2740995412202,167.143924409532,-214.399612013644,-0.111683698161273,-4.92360822748092
2.50479308339348,45.7890415588367,173.876517478827,-220.650304038968,-0.0570501231911349,-4.55129322794167
2.81525845453668,45.3695720184369,180.577058544268,-226.857315945408,0.0290629096913634,-4.35235355938783
2.19154872007663,46.429207297079,186.074635696656,-233.315447900128,-0.450094651510742,-4.36370711746366
2.28264797113403,46.1896711667378,192.503795136305,-239.435927523696,-0.438333984638534,-4.37113995208917
2.95315151121625,45.3450677839307,199.459505220548,-245.446449254391,0.00349265455706314,-4.47696941297039
2.62987340202447,45.86395819635,205.479733427201,-251.880004718423,-0.309936390769852,-4.77210150723842
2.49941356789122,46.4627211699028,211.601597476784,-258.524626508399,-0.463482052556631,-5.01878433644264
2.72950902784959,45.9363487209374,218.379156204577,-264.682730420755,-0.271079106302373,-5.19953156767876
3.3798120962035,45.0406252886534,225.492486620597,-270.805921774785,0.324578727126946,-5.37677405951087
2.73431672574761,46.1921064937085,230.930068482291,-277.369319631885,-0.323403046333428,-5.46280379492005
2.73540163065098,46.3230407262728,237.417692912378,-283.94624718287,-0.340825587918931,-5.53968155031075
3.24216092744301,45.4063144283445,244.725862653414,-290.248318588157,0.145131615686278,-5.64979246362772
3.53487297086983,44.7809440854692,251.876752650513,-296.698929903656,0.420601142839288,-5.75504173786104
2.7250753352769,46.4773376973589,256.616268188588,-303.124104532448,-0.404919716876317,-5.7913798341069
3.05840500404709,45.7553282044364,263.76609787578,-309.475457780297,-0.0870753230764962,-5.89120800065987
3.62416162052731,44.7562538883307,271.274345917038,-315.894907364676,0.459317142697088,-5.99188041690307
3.61572778124324,44.9992367055846,277.739833207457,-322.56466755078,0.433591269278886,-6.05211498605576
3.10493756110903,45.8232449713974,283.670455196798,-329.299215163208,-0.0834282663020703,-6.1081384990569
3.72196089968383,45.1154605778345,290.814665164433,-335.670521677071,0.494719772000534,-6.15939202301201
3.91451377422761,44.7609755473624,297.64259398348,-342.093368930156,0.658240331023523,-6.18721935337212
3.9089341773893,45.1824172683272,304.05489300086,-348.909322894265,0.630080709256072,-6.21733504097684
3.72475785890236,45.560429248157,310.476054474575,-355.687385322611,0.433631638577819,-6.28002163757486
4.05023489169222,45.4598063111964,317.322831810192,-362.412003736074,0.709219362804276,-6.25143036008441
4.17296822079281,45.5139896564136,324.055530468139,-369.192056058913,0.790888998810031,-6.24286634564382
4.00394463690705,45.9441749203336,330.496323735212,-376.08861794287,0.59768669303058,-6.27733343870897
4.02353994430442,46.2381431964595,337.067920195989,-382.996526242266,0.58186595467037,-6.25126828075839
4.26395476511806,45.9087490543653,344.020880937204,-389.664486562845,0.779246068160435,-6.18632837475903
4.81492015667316,45.2403611180135,351.328564929037,-396.364010007047,1.27948847970896,-6.05969863376589
4.52500646967172,45.7400357872847,357.728507382115,-403.378526607808,0.958677242911089,-6.0559595595299
4.4483486080717,46.0126643534117,364.412515453957,-410.456479292783,0.849127832917688,-5.98485853208194
5.12035956839682,45.078951064094,372.063606586865,-417.243740932238,1.48744134118734,-5.99592881568189
5.30726968735944,44.612100370707,379.036291592339,-423.825399169018,1.64079806031171,-6.01269057223204
5.18953545004099,45.262173164937,385.360318105117,-430.896745230592,1.48863437762174,-5.96970943709367
4.94807710001963,45.6506097800247,391.789273317161,-437.781233357305,1.21790756696167,-5.85938858457551
5.57088022635453,45.0931568702142,398.929646826908,-444.383003338739,1.76628882876492,-6.03729171019574
5.48949912762657,45.3111221047112,405.393709928243,-451.080737596332,1.65571038913691,-5.97602119663669
5.27576124043145,46.0596140941696,411.699676012563,-458.14421842863,1.4164000874449,-5.85966124133545
5.33128804677623,46.0396902975601,418.405845970607,-464.809472217089,1.42546252773454,-5.84325164194914
6.05301287380033,45.2098740544247,425.658460876007,-471.171198734332,2.05806005672219,-6.01999900302856
5.67575358844139,45.872442088406,431.836038282792,-477.96893132233,1.65689353612019,-5.86428365845192
5.52122852410939,46.5846137607454,438.16257377331,-484.964771214944,1.46286718555946,-5.78436877130985
5.87544553078575,45.7538891184645,445.544317045448,-491.419033755071,1.76933166718452,-5.79291934948819
6.50497256705097,44.57813954649,453.464773974418,-498.04928687998,2.35193455948949,-5.72471357410719
6.41682454759482,45.1234656685805,459.931351394965,-504.999072411133,2.22033824453631,-5.62964310721672
5.95602661116148,45.8198086219841,466.23811527576,-511.939865662214,1.71713306827115,-5.5809899851526
6.59551860370144,45.0909635274622,473.57675115084,-518.440700137153,2.29845758142712,-5.36835540761369
6.68870748087524,45.013243201598,480.491479678362,-525.194178448555,2.34325455424755,-5.21465237018917
6.4445680501428,45.7109167466229,486.978016379468,-532.3236330882,2.06853665721228,-5.15228857561971
6.32512341298574,46.0667260360231,493.671653870037,-539.312560315026,1.92330389439505,-5.05100506149832
6.74621367124161,45.7081993494005,500.879038041263,-546.092852052046,2.27676853714724,-4.72979905463607
6.97215209306384,45.425592903092,508.098826783105,-552.994899618947,2.45313272207322,-4.50251202073076
6.63045783297025,45.9276672565086,514.795521449193,-560.235718965455,2.13726931243811,-4.54368075664545
6.78756842215639,45.6470711585368,522.31707560107,-567.499292723982,2.27650407262219,-4.40533035300687
7.37518456160956,44.927927506754,529.859660221279,-574.324134031346,2.79882148760525,-4.1902742783607
7.44483911037197,44.8981372357337,536.786603096157,-581.25105184259,2.873274472369,-4.19235547289575
7.2800233923529,45.6736670778399,543.299755063035,-588.574516208335,2.74539676669934,-4.28128541043589
7.20499110487764,45.9709694057852,550.087281756159,-595.662337416213,2.70715494074235,-4.38452558286845
7.82977768813081,45.4523455305137,557.436284164943,-602.45666103599,3.30436122797088,-4.43830011214854
7.71295466663783,45.6835891781156,564.271283326271,-609.512762119688,3.22171941370675,-4.56787341187705
7.48980508852366,46.1664965023623,571.058464315336,-616.797419764634,3.03548325287762,-4.7407696974637
7.94032666961763,45.4071631695238,579.06432720916,-624.028841962941,3.4624246926214,-4.90486667719131
8.34690161514876,44.8716383168369,586.54568554575,-630.943994481736,3.83185387053952,-5.09849727423794
8.33505669822031,45.1211217517176,593.452806603186,-638.07950302796,3.81956871079487,-5.19166403214854
8.09817641731782,45.8970137431823,600.082287617402,-645.442657880515,3.59801488520608,-5.15717309103178
8.15026497113568,46.0058973915505,607.118322382573,-652.538124025466,3.62295628911708,-5.15065063340708
8.79399015008677,45.295938105027,614.682695143469,-659.367723749941,4.12990221489518,-5.34592039745454
8.67481062109281,45.4918718652959,621.777661260474,-666.668637930901,3.97942554741823,-5.23667591731339
8.45657098703224,45.7924042723728,628.937331315423,-674.174320696594,3.72716641681245,-5.09061991122751
8.90045114434821,45.2327293413239,636.577227755857,-681.301174696317,4.03984129889408,-5.14946320837495
9.14833756176378,45.0962084560949,643.86666895144,-688.510513713044,4.17269277389656,-5.13863233079871
8.89678081856879,45.6952255179097,650.64993811903,-695.959753573515,3.84806350954858,-4.9609923055171
8.78542918521578,46.3341293757916,657.442641632105,-703.466307984263,3.64532031232183,-4.83388501903541
9.00387773663085,45.8932614178524,664.892681003601,-710.554969775176,3.75961677430697,-4.75536958384322
9.65554041894629,44.7700839329155,673.279740338111,-717.920282422258,4.29916276153855,-4.7341190271364
9.63563459758713,44.9900979287809,680.372255055205,-725.369467646578,4.18070229198841,-4.61429586424284
9.323994611115,45.5504087033636,687.178865105902,-732.864217400414,3.76971783327814,-4.52722348586433
9.51687981309284,45.6351636921813,694.445815211865,-740.294792428444,3.86041549676369,-4.37505332728446
9.86900540920251,45.4752866017512,701.820398978446,-747.583806885253,4.10428330743527,-4.16724513856359
9.59991170563957,45.894447378513,708.741419092954,-755.047892192284,3.75399283699591,-4.13445159822505
9.58348780171969,46.0358827825213,716.126029679706,-762.724139774904,3.63185409283508,-4.13309160261275
10.1683817080737,45.1673382806241,724.305064049972,-770.091855612813,4.00399358963881,-3.89421064719119
10.3495739925566,45.0127993666542,731.695372652555,-777.345287190884,4.02167886948051,-3.83218335925445
10.073599615903,45.7272248822293,738.564939889582,-784.943158338381,3.65890815244775,-3.98864443848437
9.96844854673345,46.3087540911478,745.526597521321,-792.550423298382,3.412996017132,-4.23464386144298
10.2649664560328,45.7518246156606,753.26814370458,-799.771907915812,3.4661578364565,-4.44290726330723
10.8183203174267,44.7008504411973,761.711778990203,-807.122614964479,3.7008343044249,-4.53288875475244
10.7739706811035,45.0448180855741,768.803727127371,-814.530627450343,3.47575003547375,-4.84140015789169
10.4846902494374,45.7192306610361,775.704688395562,-822.107275432758,3.0476267125544,-5.17207399442353
10.6200226716284,45.8665845025889,783.068553723365,-829.590909012507,2.95453257743515,-5.37576989656183
11.1089592110733,45.2864127618249,790.85423881349,-836.723080681939,3.15586901582048,-5.39827950568585
11.092960827878,45.299492864929,798.558188627922,-844.378657617063,2.97353801264134,-5.36228460775151
10.9417585525301,45.4912831118428,805.939020009652,-851.880506422014,2.68032041978492,-5.21296973804922
11.2029260812883,45.4452825324877,813.408133355622,-859.189087772343,2.76678609304836,-5.05864490767649
11.4729987282385,45.5136647894842,820.878075864428,-866.5973828693,2.87536653546824,-4.83071338323525
11.3259841421208,45.7956334781681,828.072921270715,-873.978242458003,2.58101918697586,-4.59083550121823
11.3914323870074,45.7215131119487,835.9315643039,-881.707746838952,2.49897026322218,-4.40130251412026
11.6729362647848,45.331455184635,843.867612746738,-889.158870887479,2.63469265177048,-4.16693786129457
11.9924892519065,45.333425357452,851.410709217835,-896.576800035607,2.805204298095,-3.87622308435655
11.9470895316923,45.6943621305195,858.677944120691,-904.087249943008,2.6182462254349,-3.61800486649254
11.8433026024213,45.9721434514268,866.014828164911,-911.631540845873,2.3775809320497,-3.44529857454044
12.034227801715,45.6299396671375,874.211539058537,-919.43455201568,2.41536741021726,-3.24753064366739
12.521054042464,45.1730166115093,882.09491543625,-926.797893273264,2.71301836911595,-2.96461930096829
12.6076311067498,45.4525436510984,889.538839141308,-934.470849522679,2.65397834788576,-2.75214897508953
12.4259335913046,45.956823157421,896.71182576342,-942.134865328044,2.36202831545248,-2.61732451582078
12.5067133777602,45.9890643893018,904.413064863571,-949.876663274278,2.31212729197158,-2.32450366116453
13.0112885208855,45.2399953180465,912.860638007073,-957.578914057786,2.64266391564283,-1.83691385130108
13.2993544582249,45.2389231373642,920.487140960482,-965.205815884447,2.79254962614573,-1.41502730062018
13.1734224537239,45.769151809607,927.7270731177,-972.985020832764,2.59767498620116,-1.11761256284976
13.1847227054772,45.9979622308204,935.216686875352,-980.740157340971,2.52834315067916,-0.892059864163787
13.4889841286865,45.4988838150677,943.652288990199,-988.728339375038,2.73425248196817,-0.705353959037467
13.9346691536173,45.241925724097,951.475512259588,-996.324854179069,3.07642038881355,-0.58776633199111
14.0486689379828,45.5626672545164,958.994069910188,-1004.16930761055,3.11959176187888,-0.559750414999913
13.9620918203199,45.8413897304216,966.42674978214,-1011.9336750891,2.97621701856611,-0.616187340608941
14.2252096709039,45.5186476621933,974.790420622529,-1020.06244656814,3.16388647720248,-0.749067761828586
14.46856497272,45.3702752374336,982.60686047011,-1027.77635914427,3.33786659811431,-0.87728924941824
14.7071854621243,45.6595976315021,990.227760457417,-1035.68411109174,3.50327984339949,-0.984598556667195
14.9469049357567,45.5145806602011,998.022728092669,-1043.35744918432,3.66751945562503,-1.13297087160747
15.1502447761409,45.2309782113764,1006.3883093696,-1051.53360535891,3.80010416894326,-1.3327019112425
15.1691991359368,45.4139367298251,1014.0070925225,-1059.40051603779,3.75005765457152,-1.49168341970999
15.1781200495572,45.9064051861262,1021.52608999617,-1067.43025042852,3.68957934812569,-1.61122659493054
15.6223583033907,45.6094709241785,1029.51390817939,-1075.16487043649,4.0649326355464,-1.73905011568171
16.0010783911655,44.8458186431568,1038.23958787136,-1083.2083435812,4.37370498021727,-1.84749926842205
16.0169975700277,45.2768868860091,1045.7153946743,-1091.18934123163,4.3187533497557,-1.96171344097769
15.8612571705359,46.078643925081,1053.0811117027,-1099.41073753485,4.09434067833013,-2.09124691993977
16.071717228407,45.9030952067556,1061.03340632162,-1107.26102746093,4.21875930074057,-2.13301790716092
16.7477143129893,45.0261533042436,1069.91609400566,-1115.30385699869,4.7732790520053,-1.95686672786051
16.7923232349308,45.2617076191209,1077.59099011937,-1123.20177536718,4.73230109163089,-1.97088282431531
16.6122978886781,45.9457565361218,1084.99535833285,-1131.28032554022,4.47623976135213,-2.05749579634163
16.824169396255,45.7708824185335,1093.19253666207,-1139.31861453217,4.57994753596573,-2.01476324682729
17.1764540082123,45.3115751046283,1101.64145460712,-1147.25957861627,4.81737765599322,-1.92349836927572
17.338631455009,45.6634899454784,1109.38101023422,-1155.24194942854,4.87863366715618,-1.92241715972621
17.650452013949,45.4945218519523,1117.37847001285,-1162.97086033276,5.08934909541948,-1.93341919809445
17.864983365844,45.0536728909319,1126.02665658936,-1171.11988863642,5.20549896525902,-1.97901582372345
17.8852677125355,45.4031787639174,1133.70834573655,-1179.06541085126,5.12733934414158,-2.0551932635973
17.7442536381974,46.1015404427783,1141.2612729195,-1187.19647238906,4.89065265615027,-2.1137734638626
18.1534362879834,45.5967612116171,1149.74831520609,-1195.0837951549,5.19389300749397,-2.25882056165159
18.6381280000067,44.962040840746,1158.38674631109,-1203.01618642558,5.55841651725314,-2.4285029595958
18.5083575685623,45.574996696306,1165.99040582246,-1211.15769113889,5.34751924124631,-2.43383571262969
18.4912055879903,45.9090195352977,1173.7287418142,-1219.17602506193,5.24713046420301,-2.4054073109328
18.903502869867,45.3458024758247,1182.60285707979,-1227.48128878994,5.53818665598819,-2.43699537497647
19.0093888052096,45.5568075092917,1190.46676843231,-1235.53444632957,5.56789834684521,-2.30815797642623
19.1446244372513,45.8973721249775,1198.31672490854,-1243.66006454047,5.63359638427959,-2.13225618866952
19.7267081929179,44.970524999772,1207.41955579358,-1251.7979691951,6.07575951624303,-1.89693307965923
19.7656638232882,45.0957321301593,1215.34543352424,-1259.87247530729,6.06980013325292,-1.4238684362075
19.5916685720706,46.0006373747205,1222.88469486724,-1268.25419112412,5.89581862114805,-1.05934490218488
19.8065131198247,45.8307400458123,1231.19195807237,-1276.28166109245,6.05302177615921,-0.984837055716576
20.2738868374988,45.2383857805005,1239.98820252843,-1284.38032454038,6.37162320742273,-1.10707323292383
20.3889152588112,45.7053907677523,1247.86022212946,-1292.5170198714,6.4181570724603,-1.54151604081106
20.7069878821841,45.3585831318771,1256.28322578069,-1300.35975542927,6.52570923252632,-1.99848017475523
20.908023989546,45.0258637230518,1264.92684986516,-1308.56728497493,6.51804099215215,-2.12496095554788
20.7978221262455,45.7895087367573,1272.60447795237,-1316.96662326606,6.42506084470005,-1.78281945844573
20.8803064371184,46.006812843219,1280.59550719899,-1325.14270808267,6.33417779636546,-1.14295775952821
21.4509706662504,45.1656973459961,1289.79589139319,-1333.58660033085,6.32399708927976,-0.725193767278033
21.5569364339797,45.5157127135377,1297.77627735782,-1342.03891546818,6.23709838368531,-0.878265211209105
21.6839567914667,45.5784417729858,1305.88704327458,-1350.29131907692,6.17166020739499,-1.43763906457425
21.9591963619336,45.0802323868251,1314.85636715249,-1358.94263418801,6.20681517032555,-1.97334150097643
21.881925017237,45.6807332594848,1322.68662604247,-1367.55828333179,6.09506916056161,-2.17906784219563
21.8939641049755,46.0342684843314,1330.67466492354,-1376.02215813995,6.04306383067945,-2.12447309989845
22.4621137535126,45.1794470423849,1339.96999278247,-1384.63165275933,6.44751963220408,-1.82064008772959
22.5447676746702,45.5299809479428,1348.02534778491,-1393.13284807375,6.45601806561109,-1.46143620094528
22.6959706966746,45.5137152661939,1356.28241063051,-1401.43036880998,6.51870373094647,-1.13053012338451
22.9144410025481,45.0280211714101,1365.28883018891,-1410.09393303312,6.65202776944034,-0.737765448194327
22.7633885772798,45.7422781240875,1373.14815467733,-1418.73966022629,6.42582392638625,-0.464443912763326
22.8613140488381,45.8746306028293,1381.37732424693,-1427.17404586257,6.44564416531089,-0.186841859938416
23.395135288937,45.1188833018317,1390.63853731643,-1435.78349454063,6.9021501544632,0.116342164256
23.3818395161635,45.6402092585442,1398.68329203232,-1444.39504321155,6.81321079509365,0.362337421654276
23.5830279861838,45.2991666770355,1407.39763891477,-1452.86925882319,6.93994118626003,0.646008745289381
23.6983534654963,45.1085093685887,1416.07459317161,-1461.487544494,6.97683980355351,0.968729997388667
23.4972972420294,45.9498502837331,1423.96312587064,-1470.33783496093,6.70709373157688,1.39356205548025
23.9204704849865,45.3863908236231,1433.05292385008,-1479.07264310557,6.97451647281486,1.76753109833632
24.1364316829835,45.1686511882439,1441.6687885456,-1487.62556413334,7.01134968180612,2.00411063210044
24.0205466716966,45.6957869275282,1449.71975184468,-1496.37667027982,6.80436038990058,2.26077638542239
24.2729287629711,45.1321937103125,1458.95049856195,-1505.2054228375,6.75194376046361,2.17084186197267
24.2186016918346,45.5459829455974,1467.10462908999,-1513.81316407571,6.50835631368387,1.6918578676379
24.2315889912939,45.8548800415157,1475.35046832833,-1522.45423957318,6.26201347612147,1.06060761012554
24.7087814575467,44.9579671052132,1484.83980978725,-1531.04841787187,6.18243894057151,0.754613164550155
24.5077833900299,45.6311168076094,1492.87788902942,-1539.68297343002,5.88609512739961,0.624313225419727
24.5963869881843,45.527064720125,1501.55927066482,-1548.26433961366,5.72657071792271,0.895097379769924
24.8585173060947,45.2134062870484,1510.49738606156,-1556.80764958825,5.71269313119646,1.51458346834595
24.7938675487597,45.8422668361948,1518.64033378322,-1565.50466927759,5.63559299041715,2.03015090313538
25.2418557735941,44.9171920613798,1528.19804882322,-1574.09703682282,5.88796723138443,2.58602969698279
25.0866993563159,45.4435968779551,1536.34621545164,-1582.60644927843,5.84755404022678,2.63602076407045
25.0635694354347,45.8148017491273,1544.6401806274,-1591.16350295594,5.90214935802891,2.61173277432285
25.5758129734802,45.06899208033,1554.11870349684,-1599.80174631355,6.39327762628283,2.41082137880877
25.5387874245836,45.6624081668191,1562.33254030742,-1608.50270177642,6.47221533279219,1.95998781803211
25.8086458779942,45.0814963597041,1571.64745842448,-1617.22571438416,6.81811856484976,1.48487997042252
25.8010667909264,45.3712415742885,1580.05310330153,-1625.90388509345,6.91295996477427,1.07157285517056
25.7859639025255,45.8233293175219,1588.37834269623,-1634.73283845541,6.9824332882181,0.822478260934327
26.2715949501095,44.9214895065088,1598.01952396216,-1643.55573569594,7.46035459591515,0.474180209041214
26.0430328452022,45.6970622323948,1606.15008766317,-1652.50024495048,7.32590076266334,0.472478904516178
26.3057162416422,45.2913535495945,1615.39108635229,-1661.42025708834,7.56248619915085,0.246863557763645
26.3977613094471,45.365234064507,1624.06260699848,-1670.15507653285,7.64278343288891,0.116104036649603
26.4616382895484,45.5872418829788,1632.5992443879,-1678.91648242118,7.69121151972397,0.0201692792032427
26.6740365459172,44.9098763067966,1642.09977672206,-1687.71275146615,7.84902767955669,-0.175379547682872
26.3822234146019,45.8595095583482,1650.20716865773,-1696.67076850774,7.60740524441461,-0.0696702010469179
26.829639709736,45.1582648863509,1659.79046589787,-1705.49366297508,7.96674207351711,-0.380253510737684
26.8003102057215,45.3901884439298,1668.36564521948,-1714.14930693193,7.92856302540164,-0.427662283521972
26.7811978941228,45.5247069147827,1677.02535436811,-1722.81371653016,7.89661732300749,-0.499649777948029
26.9836022000989,45.1201152447456,1686.36299994056,-1731.63147070887,8.08093653146643,-0.622012833704509
26.838437827477,45.8165794189014,1694.70012012644,-1740.49185533256,7.92397638710782,-0.698475805014467
27.2352603894702,44.8767767784235,1704.50822775848,-1749.2582226945,8.30386898677841,-0.770627419974077
26.9377615551262,45.6910615070405,1712.75260205937,-1758.19030611969,7.99937473356759,-0.930660470546454
27.2154842656153,45.3165799019108,1722.1061259064,-1767.07712203433,8.25240076644623,-0.99070728344715
27.3040018228413,45.3437181435611,1730.98213492209,-1775.9250011103,8.33013522729792,-1.12544150271078
27.3422289303129,45.4814783991038,1739.73663629505,-1784.72198410902,8.37120256984552,-1.28101744393065
27.4866564039415,45.0439247718482,1749.18131582069,-1793.74513089838,8.51391604919914,-1.46972589599602
27.2839407790766,45.8636575368152,1757.51836672871,-1802.85997800736,8.37273139320701,-1.76950787840984
27.7596618739078,44.9379257517137,1767.41461216276,-1811.82308981183,8.84705871295079,-1.80981486735452
27.5564903178272,45.6703320384527,1775.80069060089,-1820.91690113624,8.74730031518468,-2.02319037469554
27.8461466149267,45.1497482084285,1785.39735033303,-1829.96768508369,9.0834129230177,-2.02533316959025
27.8064783421321,45.5420931609514,1794.06361829782,-1838.98398437405,9.15735190736861,-1.93903741461386
28.0609665859303,45.284007283829,1803.33529422454,-1847.82585602996,9.46918982224407,-1.56094525860002
28.1051707914993,45.1874949700375,1812.46243233652,-1856.76166332197,9.61443276792081,-1.26321665987439
27.9580249420542,45.7807647575443,1821.00825966652,-1865.7021468368,9.63001500017368,-1.0385547432306
28.3568014746748,45.0777386868789,1830.82090767519,-1874.72521761272,9.84426828514397,-1.43861464542091
28.2526225750137,45.6879520349372,1839.38398578039,-1883.73425867934,9.81140600936081,-1.793155235646
28.4980854974083,44.9293221856214,1849.24779083244,-1892.75389158681,9.82598902314128,-2.1976271540229
28.2228679869392,45.8518659044836,1857.64333626048,-1901.98074846341,9.71076968608653,-2.02279020252993
28.6376267044534,45.0460189542711,1867.5871058017,-1911.04408297447,9.59818236409867,-1.59815044930784
28.4914500647566,45.6337037613229,1876.21029615532,-1920.30546455774,9.46106982023282,-1.16517623245415
28.7280289303481,45.0678140552309,1885.95696266567,-1929.54487581115,9.34045018734907,-1.04024569200459
28.5474184627171,45.6050139211336,1894.65306765535,-1939.01855549049,9.19359425506686,-1.52439320731785
28.7867019941487,45.3033242995253,1904.18285285476,-1948.4001295107,9.22237618860913,-1.95635617370725
28.7931433973105,45.3476963980428,1913.31839965513,-1957.82882427207,9.1788802247289,-2.25184919572858
28.7999043881396,45.4138667127555,1922.4650800222,-1967.18518053938,9.15760644935593,-2.21723446974944
28.8817725074883,45.2843826563524,1931.87289329102,-1976.67764256467,9.214206932598,-2.04139068418336
28.8839379080451,45.5353170270895,1940.87555637378,-1986.01067533486,9.21377427815827,-1.61943154167779
29.0420018451345,45.0906787949881,1950.58712394733,-1995.42395402593,9.36084173829475,-1.23796132737581
28.8424651403944,45.6997616274201,1959.31381777335,-2004.82825371855,9.16693621272815,-0.814750213857023
29.1494813725036,45.0935460346669,1969.23425743363,-2014.28279471883,9.46984967999584,-0.472230311210879
29.0507782043109,45.5986351316219,1978.05955686636,-2023.68760082824,9.3721761503645,-0.0746449253390443
29.225406822073,45.0059077206752,1987.97165867879,-2033.17009153864,9.54688414609736,0.235493332833429
29.0096053418613,45.7764490120375,1996.64743956187,-2042.73712616772,9.34179413337582,0.59827796082583
29.3665536650133,44.9764747964241,2006.75061237694,-2052.23555435322,9.66997372765768,0.965367660270468
29.1717677829286,45.6879496056594,2015.46676890027,-2061.84043174323,9.51520891078951,1.41657805829453
29.4227080813586,45.0279579642729,2025.4973579139,-2071.44644080503,9.68719969388755,1.89415304370353
29.2630085607723,45.7567601571316,2034.24840929404,-2081.20370458496,9.58652089764428,2.04442716121289
29.5668815145865,44.9444993133943,2044.39474463329,-2090.80672528666,9.64715976536376,1.91807183570861
29.3318232065773,45.7620240824772,2053.09102662532,-2100.58355333763,9.60800102654923,1.46860501732808
29.6527698355681,45.0449395748675,2063.21641829992,-2110.09149226051,9.47055937220268,1.34029794184568
29.5442283372591,45.6877234927619,2072.06915382181,-2119.60683995855,9.42675398849474,1.50802286796531
29.7842582197057,44.9760043956668,2082.18925948419,-2128.85632794467,9.31021236247761,1.90292254888808
29.5665867675611,45.7691434841398,2090.96278412363,-2138.24950644458,9.2696696954395,2.0891422435307
29.9029243353246,45.0722769840685,2101.12311363933,-2147.47395390339,9.31749706170509,1.79535906619154
29.8261895662961,45.5851167194554,2110.1224457334,-2156.77111721185,9.32376983041488,1.31607849637475
29.9988291099341,45.0926912545721,2120.13478509298,-2166.04183518381,9.47569398198772,0.988760191266825
29.9067242918672,45.6309259756896,2129.17179863763,-2175.38664003829,9.48584598153149,0.897383796553728
30.1674958055123,45.1605890396171,2139.2011036023,-2184.74808633361,9.78767935142507,0.979376085540321
30.1595387224853,45.4203571317181,2148.51012423604,-2194.13781023246,9.8674092236394,1.08222608740641
30.2487719416357,45.3354603127518,2158.23193693438,-2203.64730896036,10.0407996448699,1.16245517194719
30.4315094424886,45.2314329342916,2167.9688394793,-2213.15738025432,10.3111317747606,1.23077122590418
30.3800515540759,45.4414201118612,2177.37278170036,-2222.69234262981,10.3481516744674,1.26554846367016
30.6193076438249,45.1400122475196,2187.34209300192,-2232.29548445923,10.6726057825212,1.25154640664776
30.5445041452051,45.6010043655072,2196.53062622337,-2241.89872014122,10.6885263184989,1.27274157509186
30.8708720336538,44.9197460529387,2206.79273530153,-2251.46956262876,11.0953508000891,1.19578841645447
30.6546184070977,45.7422211636573,2215.70408925251,-2261.19698441246,10.9784265236063,1.24834414857422
31.0804000993459,44.930670727263,2226.0885431251,-2270.81984037555,11.4888567896542,1.17426984051135
30.9473068375622,45.6816955438552,2235.05363632738,-2280.55028476501,11.4595087049473,1.21403549455691
31.2528647589971,44.9629198865856,2245.3879227075,-2290.25936156573,11.8629785407001,1.25340257818915
31.165153132422,45.6703212541763,2254.44016271414,-2300.04890442136,11.8796234494601,1.29826286849219
31.4637288200413,45.0698636438694,2264.73039336869,-2309.84368866559,12.2807299840604,1.40297231209505
31.4480107541979,45.4669196708063,2274.10844601991,-2319.68292882486,12.3682521146336,1.47646225695975
31.5975098568482,45.3801955970289,2284.02579800447,-2329.63582521058,12.6224202304902,1.61252987707681
31.8628049166647,45.0490483749504,2294.15828800138,-2339.60222512783,12.9809652743073,1.76214562529609
31.717987680162,45.6385691718898,2303.38095792813,-2349.58180550457,12.9656803149646,1.93620361223823
32.107302189584,44.9682319666256,2313.78552008318,-2359.5593263593,13.346930949183,1.89582797369196
31.9922898278534,45.6905184900681,2322.88308249475,-2369.58282289631,13.3336957279719,1.86882669153606
32.288349734992,44.9387121592288,2333.33761150164,-2379.48036551324,13.4758776165343,1.48119945151174
32.162336137868,45.6808655986407,2342.47772798318,-2389.53649777209,13.3825241389077,1.3688755509871
32.4409592401134,45.1653293185256,2352.83742248742,-2399.41474221488,13.3118953416166,1.00068687804146
32.5193895092939,45.253693771015,2362.67636073343,-2409.41182921559,13.1475392716354,1.02721031851114
32.459781829916,45.5791226273461,2372.29480693274,-2419.2532183355,12.9078567453463,1.24765830211835
32.8010601228745,44.9623280981044,2382.75645095483,-2429.0348887652,12.718603231096,1.64315841399541
32.6317425910005,45.7106981382517,2391.92224750473,-2438.73463872238,12.3980800363721,1.89168424710293
32.9282787139354,44.9718889450072,2402.46003948799,-2448.33900196048,12.3183227264479,1.9989961729256
32.8308816112851,45.5982461627379,2411.78445393804,-2458.04526498156,12.0720396799218,1.79390997345462
32.9896285300141,45.246690012182,2422.11746075153,-2467.79889307225,12.0425063943128,1.57551633956771
33.1233386054347,45.1327798741074,2432.28238546482,-2477.65169187852,12.034750544561,1.35214777346448
32.9985348647256,45.6594207613435,2441.75754565596,-2487.43128104713,11.7756396475296,1.07862726058618
33.3268536021993,44.8740575204046,2452.38321512996,-2497.11466486641,11.9634682844558,0.84866647525557
33.1352930472308,45.7018509617247,2461.58746409596,-2506.9451171646,11.6397080879235,0.654784979112504
33.425200437198,45.1390033058401,2472.13412312966,-2516.82961264601,11.7678313696691,0.466848317520908
33.5434358098951,45.1730379011831,2482.21494671006,-2526.79395565378,11.7329776155875,0.329167260759352
33.4325858554138,45.6217232328195,2491.86546318807,-2536.86669757467,11.5203041080719,0.423946096140347
33.8150078373984,44.9171820714229,2502.51891964633,-2546.79917030854,11.7148965764676,0.337698928793172
33.7182118517406,45.6423373730326,2511.8478782087,-2556.86525437628,11.5440253075538,0.547919568249978
33.9645141108557,45.1351476653378,2522.40729021334,-2567.03930635133,11.6622775338793,0.720422964616833
34.1267662681792,45.1873447426155,2532.56805913411,-2577.32862691338,11.7387135090059,0.9863925680815
34.0836460113878,45.6137011229425,2542.27614110454,-2587.61333962925,11.6331933190338,1.42767375202075
34.4327195863608,44.9018305958601,2552.97314499537,-2597.77338493721,11.9170067515316,1.85447416269077
34.3669853898601,45.6259164447238,2562.39043167445,-2608.05059076703,11.7939644994903,2.30940907644566
34.6058709458338,45.2512972478832,2572.94505284742,-2618.42830917556,11.9726063907566,2.82809621800539
34.8436621099316,45.0236581401482,2583.41123434364,-2628.86955700207,12.1304690980399,3.38331718171202
34.7721337685639,45.6996168074226,2592.91192327866,-2639.20250003725,12.0072333480296,3.86412735474677
35.1512369847016,44.9406720418647,2603.69528124836,-2649.45840611393,12.2571193617726,4.61890491994243
35.19833111459,45.4264352105678,2613.46654574362,-2659.93436827039,12.2592448246294,5.30016842799215
35.3320236793974,45.544112132172,2623.68357396014,-2670.41517105268,12.3473623053896,5.66701230353486
35.7270080464378,44.8719323405869,2634.46546766047,-2680.70474662898,12.4932131360316,5.74972928542235
35.6682308115802,45.6709540521431,2643.90559465387,-2691.01222554293,12.5482065580433,5.31226535286847
35.9869046527307,45.268703916567,2654.58544471509,-2701.25841411726,12.651443130281,4.40093467797454
36.2997297676386,44.9659804214026,2665.21318796108,-2711.6090247731,12.767293006481,3.68842979289183
36.2400357219617,45.7082411906441,2674.74210113891,-2721.8097905544,12.8020857839935,3.28494069143174
36.6443891838561,45.0419466563351,2685.58227451373,-2731.89090102664,12.9293724869696,2.8236024265779
36.851070901026,45.1528853340168,2695.89342703023,-2742.20902195792,13.025420584161,2.20166126410566
36.8484192096505,45.6680982769291,2705.74471214462,-2752.35231596837,13.0084275171576,1.30467421831086
37.2925190822453,44.932974686414,2716.64781060108,-2762.35705285007,13.2656162859225,0.397371147105095
37.3991379361059,45.3506954339318,2726.61179949514,-2772.54702380573,13.3097853105094,-0.24690833491609
37.461001063584,45.5785641531039,2736.87552656063,-2782.8260355573,13.3110957759191,-0.914342786235528
37.9023797243667,44.8899828362304,2747.7975041813,-2792.90771893407,13.6815460509163,-1.64772097457181
37.9523352089522,45.4737331902639,2757.58433607544,-2803.08132505211,13.6800389528879,-2.27710604896095
38.0917914098551,45.4946070621553,2768.10736686304,-2813.49420627052,13.7745900245711,-2.84577335676006
38.5267678620065,44.8761888387731,2779.03908032186,-2823.70330166096,14.1658921933711,-3.31174735543847
38.5597919705908,45.5324510913255,2788.77553690908,-2833.97641358988,14.1678700309802,-3.82515839819286
38.7591500876658,45.44431117167,2799.43200748173,-2844.531163577,14.3285549111444,-4.29941865621331
39.1925714850696,44.8682911369411,2810.38260885618,-2854.89198637965,14.7114056133803,-4.712628210563
39.2293424168019,45.5523202258263,2820.12757990709,-2865.3087843757,14.7309080358993,-5.24958906848173
39.4641187962722,45.4385457428858,2830.84579570063,-2875.98414188132,14.944270382969,-5.75682000612653
39.9068880479444,44.8567359122597,2841.83341052476,-2886.45608707695,15.3637696267007,-6.23352217019332
39.9587992902365,45.5379302101395,2851.6276638973,-2896.98607335541,15.4048638988685,-6.75782610479323
40.1969810496783,45.4761424500229,2862.34925720934,-2907.77339486226,15.6269401979183,-7.36406890092562
40.650991583235,44.8478479845571,2873.38677784661,-2918.328339945,16.0683202526599,-7.99404251901325
40.7350195527647,45.4807830013588,2883.2929114769,-2928.9967456479,16.1414399399259,-8.59390415432766
40.9548930332445,45.5457163174623,2893.94284644323,-2939.88677313874,16.3483425693608,-9.1565693403521
41.4178677032241,44.8628788673746,2905.02879123842,-2950.50230689242,16.7516223917562,-9.54015318399342
41.5668432556803,45.3498042955083,2915.18676754376,-2961.32186430983,16.8591116993341,-9.97106446338918
41.7348063597253,45.6198906288311,2925.63424513482,-2972.15500677294,16.9605216070037,-10.4111797444683
42.1792604832322,44.9314881027353,2936.75211918868,-2982.69897927346,17.1799504927446,-10.6487952882877
42.4254714970277,45.1303277085969,2947.33588533675,-2993.55191122315,17.2388561489036,-11.0272065669187
42.5262256941718,45.6539326323501,2957.44602554431,-3004.13912264852,17.2115453514358,-11.5168433953062
42.9213227509747,45.0971983286696,2968.55051831557,-3014.6146010053,17.3331522270489,-11.7526445088321
43.2656303871693,44.9464871292785,2979.48014778674,-3025.28932658807,17.4667475479161,-12.0498320660305
43.3515930848468,45.6003087130885,2989.42817962453,-3035.66165141981,17.4455308428128,-12.5632714766337
43.6358008244019,45.3702651732098,3000.42426143053,-3046.19102541052,17.5824851817732,-12.9882085055944
44.0781566935082,44.8676653477353,3011.561114806,-3056.60286916228,17.8960437510651,-13.4833623569317
44.237741843799,45.3798937188838,3021.75640332639,-3067.03314214724,17.930587090429,-14.1799357978448
44.3984395169204,45.6139078230072,3032.40634976159,-3077.71332838267,17.9624076190272,-14.8811784962407
44.8893521377214,44.9644566037265,3043.63105236024,-3088.13633244453,18.2834705116105,-15.6394334879471
45.2128745601481,44.9899768330141,3054.51456104513,-3098.87220794062,18.4264844924885,-16.4024058079505
45.3044282152655,45.6608797653247,3064.57160458752,-3109.51173480323,18.3847108526926,-17.129622008903
45.7191863517659,45.3068918507927,3075.73056424195,-3120.29007702666,18.5998777157269,-17.8778465840297
46.177061584715,44.8389254048691,3086.93582289794,-3130.99098749491,18.8462393901592,-18.4058297711792
46.378757270391,45.3941123517313,3097.20048196041,-3141.80849476635,18.9345154422498,-18.6985625517816
46.6380771380557,45.6103636795678,3107.94007709357,-3152.86706485888,19.0714046188013,-18.7930033806666
47.1130877738892,45.0226146194662,3119.21425957541,-3163.69975835594,19.398484834106,-18.7674578544818
47.5129858632575,44.9232775395237,3130.29545609236,-3174.81440486411,19.7011511061683,-18.7594605148884
47.6797923555297,45.5440305023518,3140.44639429582,-3185.76282260415,19.8065394035793,-18.812763802994
47.9752996590006,45.5032159150279,3151.50763047858,-3197.03291678247,20.0453714858782,-18.8609650519481
48.5009245950687,44.9007003282595,3162.83813478463,-3208.03555288337,20.5072034229576,-19.0866543335967
48.8507389225808,45.0079898211969,3173.78774014889,-3219.34267023947,20.7519044779081,-19.4614613281346
49.0034637998178,45.6340458457312,3184.02417540755,-3230.40495414179,20.7983105940893,-19.8099499269322
49.4139270629082,45.3789554167728,3195.27000087314,-3241.57067303882,21.0123471444424,-20.3640437333828
49.9181342465102,44.8512166370135,3206.61555658523,-3252.56655943904,21.2304441783065,-21.0007352106833
50.2660388843974,45.1257101252541,3217.4358791257,-3263.77816459896,21.3599343784805,-21.4025186702435
50.5013688490123,45.619728695367,3227.8786077802,-3274.73611671538,21.4782944244201,-21.4693285456272
50.9137146625131,45.3439481695186,3239.16930991879,-3285.75314556554,21.6664920217677,-21.3509290370327
51.4449261316489,44.8616270691329,3250.5501563719,-3296.67387830265,21.9064850138435,-20.8790422731734
51.8150622395927,45.0989236606533,3261.44426543145,-3307.79742359905,22.1370805510168,-20.0224507124926
52.0498503500601,45.6340511203231,3271.90057245405,-3318.75814866465,22.3105367537321,-19.3607411966735
52.4971988493692,45.3788205047173,3283.24160257502,-3329.82762762941,22.5272626663983,-18.868789298854
53.0318094327163,44.8601126820256,3294.67564534822,-3340.74260774014,22.7400647558468,-18.2632862909944
53.4390155028679,45.0198879387956,3305.73831386762,-3351.9070537403,22.8996037917887,-17.4596779128482
53.6912326291999,45.5757456059772,3316.16878509212,-3362.74436951041,22.9744259419159,-16.6213500548355
54.0699360852678,45.4918778936654,3327.46376324536,-3373.75347685555,23.1169444938561,-15.7698035771551
54.621425463482,44.9418176534425,3338.95388810805,-3384.49409579898,23.4565145310726,-14.8889606629339
55.0640662241514,44.876537839066,3350.2640200711,-3395.49508679354,23.7906058597222,-14.1810157391862
55.3129595184342,45.4600997501742,3360.72357122639,-3406.24612027131,23.9638864557875,-13.7107098368897
55.6638358186986,45.5984925552103,3371.87920885548,-3417.28069378806,24.2446128618265,-13.3849550067733
56.1745438689466,45.147688657684,3383.38818457414,-3428.12532341501,24.6701377447746,-13.1990244928324
56.6863031901887,44.8300904019162,3394.86690823836,-3439.05238167285,25.0424082354705,-13.1197668080766
57.0761857342367,45.1109287222936,3405.86677241466,-3450.10157657384,25.2610422865024,-13.1255870004631
57.351844605063,45.6030811991867,3416.53412429035,-3461.1064978497,25.3754734672761,-13.2500230129557
57.787829215886,45.478265364326,3427.9712164132,-3472.31929770476,25.5347769804676,-13.5454780486409
58.3500141868881,44.9592757229592,3439.55556736597,-3483.29536205546,25.6710889137668,-13.9954821774488
58.8311848453337,44.8543393496927,3451.00372637847,-3494.56760988827,25.6981037927584,-14.4591415793968
59.1743939218116,45.3049467602801,3461.77009541063,-3505.80456215966,25.665429238821,-14.6830165867665
59.505342331182,45.6187574352143,3472.7963300522,-3517.31263195924,25.6196575395282,-14.5093082648355
59.9642008319365,45.3944339730601,3484.33952587283,-3528.90743056285,25.6533430826208,-14.0326457577509
60.511263413909,44.9085867796033,3495.97627834837,-3540.39344964927,25.8529191277666,-13.5157744186887
60.9498559767993,44.8579908034352,3507.45706957465,-3552.20236872369,26.0538241407374,-13.1455130307381
61.2494145120225,45.3203638895665,3518.26714798403,-3563.89986124537,26.1353525428502,-12.9064316182815
61.5683770578251,45.6059386896712,3529.38664217122,-3575.71470734519,26.2094292927943,-12.8157360686033
62.0036472005834,45.4244581842835,3540.96988295173,-3587.43711939462,26.2694969483956,-12.963267268717
62.56847254232,44.9500604204286,3552.65555830182,-3598.84461964701,26.228298431923,-13.3677264748313
63.0606474545963,44.8228774644374,3564.23685537072,-3610.32261860237,26.0716144826782,-13.8634735352711
63.4435458102016,45.1749960585944,3575.3141998006,-3621.56010536138,25.8952524065058,-14.4579034456554
63.7457510589699,45.5777495441416,3586.2815817494,-3632.52006492108,25.7093738186154,-15.1149130138964
64.1105326993033,45.5494935832707,3597.84943940776,-3643.5810111309,25.6529190522127,-15.7625687127181
64.6024567090183,45.1413455484381,3609.5802632333,-3654.46791807589,25.7910205986935,-16.3182330125958
65.0846582340478,44.8259809540255,3621.29801722754,-3665.47274318031,25.8641271098391,-16.7419956032656
65.5179003268415,44.9103060767548,3632.81237100645,-3676.75495136879,25.7746564601344,-17.0646624293778
65.8535812886861,45.3689296542137,3643.72812614831,-3687.97016842116,25.5508690184364,-17.2556710324738
66.226769074836,45.6072708191132,3655.06360337033,-3699.60283515004,25.3057775832348,-17.1437413985439
66.6708600709898,45.4820773382252,3666.76028960701,-3711.41104787556,25.1098946273411,-16.8447967701854
67.2015192566763,45.0647031274404,3678.56282905616,-3723.15560123142,25.0843194456927,-16.518033774153
67.6623984504873,44.8202669158645,3690.32934025204,-3735.11964532449,25.1038008133639,-16.1263809615608
68.0665608512848,44.9105151388556,3701.91357062853,-3747.27959237721,25.0614317864713,-15.6309944175413
68.3880075566106,45.3260919510155,3712.95913474251,-3759.16717767524,24.8833321650065,-15.1199258973957
68.7625918325206,45.5912094184151,3724.32079822448,-3771.06062830633,24.6910374853736,-14.6058379168721
69.2457181080927,45.5240659322322,3736.06005989014,-3782.80666190325,24.5113342282996,-14.1277699522069
69.8097152296943,45.1792814745082,3747.90584412676,-3794.20655524163,24.4012145873098,-13.8165068846327
70.374842213625,44.864522291017,3759.75306094969,-3805.49964879574,24.4459128733318,-13.8089858828727
70.8869885863877,44.8152066557208,3771.5194325251,-3816.85170550174,24.6349678923803,-14.224754845655
71.3270725111453,45.0555199521271,3782.97364367255,-3828.09744489727,24.8471039219656,-14.9648286570077
71.6990708460439,45.4606590776358,3794.11726368126,-3839.21315605749,24.9834591861369,-15.7856102644386
72.1441552290892,45.587531764769,3805.76042836937,-3850.65667717348,25.154471469115,-16.5485896635852
72.6467276282428,45.4776665463663,3817.60433774451,-3862.16279921321,25.2999503892082,-17.2764563060121
73.2480002454125,45.1410802507827,3829.53071690151,-3873.61666201441,25.3994233326319,-17.7385236317902
73.838615331608,44.8550248664067,3841.45283823022,-3885.22540601985,25.4368858917541,-17.7544151329026
74.3959450177795,44.8089959215622,3853.30191858081,-3897.1386999399,25.4844710768947,-17.3361241432155
74.9033501157643,44.9663688827068,3864.96139757786,-3909.19566904268,25.580259971335,-16.6762647728714
75.3084077293877,45.3436137963731,3876.22324181791,-3921.18870813418,25.6644498129872,-16.0140741524232
75.7359525409928,45.5602099027615,3887.81652836452,-3933.44386947877,25.8249223799295,-15.3484647860278
76.2125252371755,45.5615860237304,3899.68485426389,-3945.76584631918,26.0535705848886,-14.7897269404541
76.7347008821139,45.3807699452,3911.64801463366,-3957.93244583655,26.2229466622191,-14.4266849793502
77.330362180836,45.0647105261834,3923.65763803203,-3969.88584441368,26.2429828043246,-14.3144379354283
77.9061213299235,44.8375483075266,3935.65478643016,-3981.74283156172,26.1067428706548,-14.3334270028264
78.4596145669415,44.799862368334,3947.59557609539,-3993.52068018374,25.9471650644667,-14.4413711971828
78.9665912203958,44.9156203456262,3959.40911804088,-4005.10570292976,25.8621206366532,-14.5926707472208
